--import.sql
-- Inserindo categorias
INSERT INTO tb_category (id, name) VALUES (1, 'roupa');
INSERT INTO tb_category (id, name) VALUES (2, 'calcado');
INSERT INTO tb_category (id, name) VALUES (3, 'acessorio');

-- Inserindo produtos
INSERT INTO tb_product (name, price, description, image, category_id, sizes, colors) VALUES('Jaqueta Punk de Couro', 350.00, 'Jaqueta de couro sintético com spikes e tachinhas para um visual punk autêntico.', './src/img/products/jaqueta_punk.jpg', 1, 'P,M,G,GG', 'Preto');
INSERT INTO tb_product (name, price, description, image, category_id, sizes, colors) VALUES('Camiseta Gótica Caveira', 120.00, 'Camiseta de algodão com estampa detalhada de caveira e detalhes rasgados.', './src/img/products/camiseta_caveira.webp', 1, 'P,M,G,GG,XG', 'Preto,Vermelho');
INSERT INTO tb_product (name, price, description, image, category_id, sizes, colors) VALUES('Saia Xadrez Grunge', 180.00, 'Saia curta xadrez em estilo grunge, perfeita para compor um visual alternativo.', './src/img/products/saia_xadrez.jpg', 1, 'PP,P,M,G', 'Vermelho e Preto,Azul e Preto');
INSERT INTO tb_product (name, price, description, image, category_id, sizes, colors) VALUES('Bota Coturno Emo', 400.00, 'Coturno de couro legítimo com cadarço longo e solado tratorado.', './src/img/products/coturno_emo.jpg', 2, '34,35,36,37,38,39,40,41,42', 'Preto,Bordô');
INSERT INTO tb_product (name, price, description, image, category_id, sizes, colors) VALUES('Moletom Oversized Dark', 250.00, 'Moletom oversized com capuz e estampa dark, ideal para os dias frios.', './src/img/products/moletom_dark.webp', 1, 'M,G,GG,XG', 'Preto,Cinza');
INSERT INTO tb_product (name, price, description, image, category_id, sizes, colors) VALUES('Cinto de Rebites Gótico', 90.00, 'Cinto de couro sintético com rebites metálicos, ideal para compor um visual gótico.', './src/img/products/cinto_rebites.jfif', 3, 'Único', 'Preto,Prata');
INSERT INTO tb_product (name, price, description, image, category_id, sizes, colors) VALUES('Cinto de TESTE', 90.00, 'Cinto de couro sintético com rebites metálicos, ideal para compor um visual gótico.', './src/img/products/cinto_rebites.jfif', 3, 'Único', 'Preto,Prata');
INSERT INTO tb_product (name, price, description, image, category_id, sizes, colors) VALUES('Calça Skinny Rasgada', 220.00, 'Calça skinny preta com rasgos estratégicos e detalhes em corrente.', './src/img/products/calca_rasgada.jpg', 1, '36,38,40,42,44', 'Preto');
INSERT INTO tb_product (name, price, description, image, category_id, sizes, colors) VALUES('Blusa de Cetim Gótica', 180.00, 'Blusa de cetim com babados e detalhes em renda, estilo gótico romântico.', './src/img/products/blusa_cetim.jpg', 1, 'P,M,G,GG', 'Preto,Bordô');
INSERT INTO tb_product (name, price, description, image, category_id, sizes, colors) VALUES('Bermuda Cargo Punk', 190.00, 'Bermuda cargo com múltiplos bolsos e detalhes em metal, estilo punk militar.', './src/img/products/bermuda_cargo.jpg', 1, '38,40,42,44', 'Preto,Verde Militar');
INSERT INTO tb_product (name, price, description, image, category_id, sizes, colors) VALUES('Sneaker Platform Dark', 320.00, 'Tênis plataforma com solado alto e detalhes em correntes, estilo dark streetwear.', './src/img/products/sneaker_platform.jpg', 2, '34,35,36,37,38,39,40,41,42', 'Preto,Vermelho');
INSERT INTO tb_product (name, price, description, image, category_id, sizes, colors) VALUES('Coleira de Rebites Punk', 65.00, 'Coleira de couro com rebites metálicos e placa de identificação personalizável.', './src/img/products/coleira_punk.jpg', 3, 'Único', 'Preto,Prata');
INSERT INTO tb_product (name, price, description, image, category_id, sizes, colors) VALUES('Vestido Longo Gótico', 280.00, 'Vestido longo em veludo com mangas bufantes e detalhes em renda negra.', './src/img/products/vestido_gotico.jpg', 1, 'P,M,G,GG', 'Preto,Bordô');
INSERT INTO tb_product (name, price, description, image, category_id, sizes, colors) VALUES('Jaqueta Bomber Alternativa', 310.00, 'Jaqueta bomber com estampa de caveira e detalhes em tinta reflexiva.', './src/img/products/bomber_alternativa.jpg', 1, 'P,M,G,GG,XG', 'Preto,Verde Neon');
INSERT INTO tb_product (name, price, description, image, category_id, sizes, colors) VALUES('Camisa Social Dark', 210.00, 'Camisa social em tecido premium com detalhes góticos nas golas e punhos.', './src/img/products/camisa_dark.jpg', 1, 'P,M,G,GG,XG', 'Preto,Branco');
INSERT INTO tb_product (name, price, description, image, category_id, sizes, colors) VALUES('Legging Transparente', 150.00, 'Legging em tecido transparente com estampa de rede, ideal para looks ousados.', './src/img/products/legging_transparente.jpg', 1, 'PP,P,M,G,GG', 'Preto,Vermelho');
INSERT INTO tb_product (name, price, description, image, category_id, sizes, colors) VALUES('Bota Ankle Boot', 370.00, 'Bota cano curto com cadarço e detalhes em metal, estilo rock alternativo.', './src/img/products/ankle_boot.jpg', 2, '34,35,36,37,38,39,40,41,42', 'Preto,Vermelho');
INSERT INTO tb_product (name, price, description, image, category_id, sizes, colors) VALUES('Top de Renda Gótica', 130.00, 'Top em renda preta com detalhes em cetim e alças ajustáveis.', './src/img/products/top_renda.jpg', 1, 'P,M,G', 'Preto,Bordô');
INSERT INTO tb_product (name, price, description, image, category_id, sizes, colors) VALUES('Calça Harém Punk', 240.00, 'Calça harém com cordão e detalhes em metal, estilo cyberpunk.', './src/img/products/calca_harem.jpg', 1, '36,38,40,42,44', 'Preto,Roxo');
INSERT INTO tb_product (name, price, description, image, category_id, sizes, colors) VALUES('Luva de Rede', 75.00, 'Par de luvas em tecido de rede com detalhes em couro sintético.', './src/img/products/luva_rede.jpg', 3, 'Único', 'Preto,Vermelho');
INSERT INTO tb_product (name, price, description, image, category_id, sizes, colors) VALUES('Sobretudo Gótico', 420.00, 'Sobretudo longo em lã com detalhes em couro e botões ornamentais.', './src/img/products/sobretudo_gotico.jpg', 1, 'P,M,G,GG,XG', 'Preto,Cinza');
INSERT INTO tb_product (name, price, description, image, category_id, sizes, colors) VALUES('Meia Listrada Alternativa', 45.00, 'Par de meias listradas em cores vibrantes com detalhes em renda.', './src/img/products/meia_listrada.jpg', 3, 'Único', 'Preto e Vermelho,Azul e Roxo');

-- Inserindo usuarios
INSERT INTO tb_user(display_name, username, password) VALUES ('Administrador', 'admin','$2a$10$.PVIfB07x.SfMYTcToxL0.yxcLWU0GbS2NUO1W1QAvqMm/TsFhVem');
INSERT INTO tb_user(display_name, username, password) VALUES ('Teste', 'test','$2a$10$.PVIfB07x.SfMYTcToxL0.yxcLWU0GbS2NUO1W1QAvqMm/TsFhVem');